score,label
0.824735,1
0.841257,1
0.896463,1
0.861317,1
0.977613,1
0.930816,1
0.915012,1
0.849487,1
0.893683,1
0.870807,1
0.687089,1
0.859106,1
0.818477,1
0.930298,1
0.831301,1
0.873957,1
0.926727,1
0.892523,1
0.910837,1
0.878269,1
0.907533,1
0.967166,1
0.968645,1
0.938689,1
0.983254,1
0.926986,1
0.791159,1
0.946626,1
0.951704,1
0.828009,1
0.939271,1
0.906246,1
0.937451,1
0.912734,1
0.909115,1
0.918464,1
0.898485,1
0.780610,1
0.893306,1
0.868765,1
0.821354,1
0.828352,1
0.845065,1
0.899599,1
0.952805,1
0.979763,1
0.961723,1
0.825544,1
0.905144,1
0.929359,1
0.850834,1
0.914597,1
0.970711,1
0.909632,1
0.894472,1
0.883563,1
0.912701,1
0.868372,1
0.872117,1
0.877224,1
0.921335,1
0.894038,1
0.899236,1
0.769388,1
0.865467,1
0.889191,1
0.852909,1
0.792237,1
0.945770,1
0.928325,1
0.922252,1
0.829991,1
0.834395,1
0.790971,1
0.877213,1
0.930562,1
0.832023,1
0.664504,1
0.923258,1
0.828305,1
0.939711,1
0.900360,1
0.877092,1
0.865323,1
0.906725,1
0.796077,1
0.758981,1
0.721428,1
0.802953,1
0.812283,1
0.886825,1
0.810394,1
0.896391,1
0.954676,1
0.930731,1
0.938146,1
0.811107,1
0.850937,1
0.863544,1
0.969217,1
0.832202,1
0.673829,1
0.952075,1
0.924578,1
0.944005,1
0.962807,1
0.941823,1
0.939203,1
0.891137,1
0.919014,1
0.944879,1
0.945746,1
0.847341,1
0.902006,1
0.929099,1
0.912791,1
0.945469,1
0.918961,1
0.932630,1
0.878192,1
0.951699,1
0.833968,1
0.917076,1
0.605073,1
0.942228,1
0.813749,1
0.884392,1
0.869039,1
0.947803,1
0.939736,1
0.897946,1
0.917638,1
0.918893,1
0.881510,1
0.851887,1
0.924862,1
0.933579,1
0.852803,1
0.890656,1
0.921449,1
0.727958,1
0.970120,1
0.899756,1
0.959013,1
0.945626,1
0.816894,1
0.759683,1
0.921765,1
0.876042,1
0.965010,1
0.855241,1
0.848507,1
0.921002,1
0.882716,1
0.946892,1
0.920455,1
0.945036,1
0.914758,1
0.945072,1
0.930274,1
0.935986,1
0.957690,1
0.805102,1
0.896684,1
0.835874,1
0.883857,1
0.949604,1
0.882497,1
0.916445,1
0.879809,1
0.742042,1
0.689054,1
0.848093,1
0.879992,1
0.911173,1
0.923709,1
0.914813,1
0.863136,1
0.954880,1
0.845259,1
0.984609,1
0.856325,1
0.837646,1
0.800239,1
0.688875,1
0.857221,1
0.797103,1
0.756341,1
0.800575,1
0.882197,1
0.902130,1
0.771893,1
0.809474,1
0.919955,1
0.876382,1
0.889463,1
0.936300,1
0.853275,1
0.953670,1
0.977440,1
0.880564,1
0.921836,1
0.947399,1
0.901287,1
0.963953,1
0.965953,1
0.962537,1
0.903103,1
0.899960,1
0.918213,1
0.871485,1
0.894188,1
0.901418,1
0.921649,1
0.914735,1
0.959325,1
0.965017,1
0.918945,1
0.959675,1
0.906556,1
0.916416,1
0.886477,1
0.901183,1
0.815130,1
0.954260,1
0.949783,1
0.799261,1
0.842377,1
0.802814,1
0.714853,1
0.487581,1
0.915452,1
0.974957,1
0.962765,1
0.958563,1
0.904181,1
0.944740,1
0.977252,1
0.889628,1
0.944949,1
0.945231,1
0.974636,1
0.920509,1
0.954622,1
0.959702,1
0.939059,1
0.956965,1
0.924344,1
0.918229,1
0.914904,1
0.878213,1
0.946274,1
0.941384,1
0.882646,1
0.846071,1
0.913400,1
0.738722,1
0.814551,1
0.709798,1
0.892845,1
0.888685,1
0.923740,1
0.882686,1
0.857585,1
0.907128,1
0.782170,1
0.894210,1
0.726909,1
0.744554,1
0.761467,1
0.830033,1
0.861604,1
0.881267,1
0.924912,1
0.880629,1
0.948098,1
0.856933,1
0.888792,1
0.876845,1
0.858050,1
0.846401,1
0.872150,1
0.898242,1
0.921985,1
0.879445,1
0.861074,1
0.852928,1
0.790531,1
0.805848,1
0.876056,1
0.898441,1
0.887432,1
0.895039,1
0.960087,1
0.835882,1
0.823067,1
0.871689,1
0.927714,1
0.882495,1
0.887184,1
0.903111,1
0.906229,1
0.898830,1
0.749902,1
0.985615,1
0.877055,1
0.968435,1
0.952976,1
0.927944,1
0.942091,1
0.972433,1
0.942929,1
0.765152,1
0.955305,1
0.846862,1
0.785158,1
0.896803,1
0.920729,1
0.937586,1
0.681295,0
0.382827,0
0.753608,0
0.799218,0
0.869323,0
0.707926,0
0.351498,0
0.762922,0
0.817294,0
0.667297,0
0.247240,0
0.461387,0
0.602509,0
0.659889,0
0.542699,0
0.472149,0
0.825642,0
0.571587,0
0.452937,0
0.465015,0
0.641814,0
0.762252,0
0.433715,0
0.899059,0
0.390466,0
0.620609,0
0.412614,0
0.352225,0
0.646002,0
0.325725,0
0.753278,0
0.619182,0
0.449297,0
0.271543,0
0.402362,0
0.798756,0
0.722313,0
0.335225,0
0.250274,0
0.360449,0
0.635856,0
0.424284,0
0.891967,0
0.455581,0
0.836580,0
0.644865,0
0.795804,0
0.365211,0
0.365773,0
0.659323,0
0.745439,0
0.473169,0
0.582250,0
0.320192,0
0.483307,0
0.195549,0
0.513000,0
0.583332,0
0.611213,0
0.343360,0
0.578408,0
0.665063,0
0.595761,0
0.530172,0
0.524385,0
0.279017,0
0.424904,0
0.840478,0
0.384806,0
0.531241,0
0.783177,0
0.239229,0
0.578178,0
0.242263,0
0.235746,0
0.311394,0
0.648740,0
0.687398,0
0.523523,0
0.713350,0
0.720542,0
0.639855,0
0.373056,0
0.829686,0
0.794149,0
0.745284,0
0.451340,0
0.386485,0
0.734973,0
0.671868,0
0.677228,0
0.280628,0
0.278879,0
0.602987,0
0.777890,0
0.548413,0
0.790179,0
0.456634,0
0.339249,0
0.632232,0
0.729732,0
0.764822,0
0.617604,0
0.485137,0
0.730729,0
0.524347,0
0.340087,0
0.332785,0
0.906080,0
0.415106,0
0.380261,0
0.835616,0
0.566746,0
0.433685,0
0.472355,0
0.547676,0
0.560850,0
0.451385,0
0.538620,0
0.814370,0
0.925719,0
0.498104,0
0.707929,0
0.834370,0
0.617529,0
0.487441,0
0.491174,0
0.726518,0
0.780632,0
0.590738,0
0.497347,0
0.588168,0
0.611027,0
0.702749,0
0.260161,0
0.566745,0
0.600998,0
0.939493,0
0.702605,0
0.186728,0
0.560584,0
0.514765,0
0.618016,0
0.545436,0
0.537173,0
0.725072,0
0.915725,0
0.708067,0
0.436367,0
0.573464,0
0.608132,0
0.865525,0
0.654198,0
0.602415,0
0.840975,0
0.299128,0
0.749937,0
0.822886,0
0.576747,0
0.757247,0
0.748950,0
0.627474,0
0.276746,0
0.682064,0
0.624055,0
0.732936,0
0.764470,0
0.337551,0
0.817499,0
0.864258,0
0.456132,0
0.883542,0
0.722036,0
0.333686,0
0.674824,0
0.664551,0
0.449086,0
0.511418,0
0.512191,0
0.589826,0
0.712810,0
0.290581,0
0.629667,0
0.455295,0
0.674162,0
0.506174,0
0.741547,0
0.744186,0
0.853718,0
0.605385,0
0.470366,0
0.563880,0
0.884744,0
0.789827,0
0.449346,0
0.829068,0
0.677712,0
0.788555,0
0.848203,0
0.501480,0
0.635743,0
0.257881,0
0.523135,0
0.447223,0
0.758073,0
0.465442,0
0.348554,0
0.883934,0
0.616429,0
0.726694,0
0.531849,0
0.807395,0
0.724619,0
0.890929,0
0.739645,0
0.419304,0
0.408197,0
0.388715,0
0.643562,0
0.560617,0
0.677873,0
0.800093,0
0.785477,0
0.385438,0
0.430173,0
0.804055,0
0.645636,0
0.522336,0
0.742916,0
0.484123,0
0.478087,0
0.819494,0
0.346369,0
0.352641,0
0.545900,0
0.385152,0
0.359169,0
0.548636,0
0.412689,0
0.732479,0
0.628569,0
0.767853,0
0.747407,0
0.297756,0
0.779232,0
0.618924,0
0.771527,0
0.563004,0
0.412106,0
0.707786,0
0.436353,0
0.868099,0
0.231633,0
0.688610,0
0.745200,0
0.582577,0
0.422614,0
0.891086,0
0.373838,0
0.778914,0
0.548772,0
0.720325,0
0.907505,0
0.440931,0
0.289049,0
0.643716,0
0.601069,0
0.719562,0
0.344907,0
0.832547,0
0.684647,0
0.342193,0
0.698817,0
0.639016,0
0.430329,0
0.779446,0
0.420594,0
0.706436,0
0.886312,0
0.553222,0
0.612790,0
0.612609,0
0.710570,0
0.174829,0
0.488862,0
0.334945,0
0.654833,0
0.409535,0
0.746007,0
0.777818,0
0.670570,0
0.839751,0
0.377008,0
0.892593,0
0.524006,0
0.539131,0
0.612089,0
0.525244,0
0.504508,0
0.757266,0
0.699626,0
0.685956,0
0.758536,0
0.655780,0
0.656003,0
0.908351,0
0.757221,0
0.609696,0
0.794664,0
0.798668,0
0.522009,0
0.500415,0
0.624828,0
0.581570,0
0.424224,0
0.657015,0
0.600589,0
0.914650,0
0.764576,0
0.747023,0
0.731989,0
0.399710,0
0.687991,0
0.414814,0
0.108971,0
0.667603,0
0.881287,0
0.722451,0
0.693567,0
0.475830,0
0.563036,0
0.381208,0
0.669539,0
0.801051,0
0.277959,0
0.454244,0
0.465910,0
0.699670,0
0.428864,0
0.792156,0
0.317852,0
0.868757,0
0.530876,0
0.573136,0
0.716784,0
0.427755,0
0.564060,0
0.317203,0
0.655962,0
0.790815,0
0.595712,0
0.742306,0
0.585350,0
0.336110,0
0.766092,0
0.209415,0
0.511261,0
0.533788,0
0.724510,0
0.599621,0
0.795853,0
0.783375,0
0.689095,0
0.755380,0
0.752136,0
0.480389,0
0.658004,0
0.881342,0
0.273321,0
0.450461,0
0.744438,0
0.483229,0
0.692501,0
0.802897,0
0.700005,0
0.566169,0
0.784299,0
0.448033,0
0.833936,0
0.819144,0
0.762578,0
0.464249,0
0.721328,0
0.646736,0
0.790297,0
0.487773,0
0.894941,0
0.446538,0
0.316941,0
0.396992,0
0.697771,0
0.525491,0
0.727414,0
0.626901,0
0.706681,0
0.566325,0
0.749107,0
0.648356,0
0.739231,0
0.540909,0
0.390014,0
0.521937,0
0.390692,0
0.852641,0
0.464903,0
0.787584,0
0.379207,0
0.510903,0
0.420903,0
0.634914,0
0.534195,0
0.752764,0
0.580539,0
0.543308,0
0.680370,0
0.240352,0
0.536378,0
0.826014,0
0.547377,0
0.723823,0
0.806364,0
0.155408,0
0.794352,0
0.814518,0
0.443260,0
0.331941,0
0.795053,0
0.798531,0
0.517278,0
0.606382,0
0.326524,0
0.847479,0
0.587128,0
0.408276,0
0.772753,0
0.800686,0
0.525563,0
0.808082,0
0.659963,0
0.372188,0
0.309408,0
0.748830,0
0.649700,0
0.506689,0
0.383486,0
0.484903,0
0.512716,0
0.830850,0
0.398922,0
0.763233,0
0.574503,0
0.663276,0
0.729601,0
0.440393,0
0.349619,0
0.526538,0
0.798061,0
0.629264,0
0.237063,0
0.544435,0
0.546873,0
0.639637,0
0.589930,0
0.542685,0
0.723295,0
0.384024,0
0.461733,0
0.803354,0
0.584879,0
0.525584,0
0.709543,0
0.909268,0
0.733294,0
0.630158,0
0.447797,0
0.687812,0
0.676276,0
0.650083,0
0.383951,0
0.693307,0
0.606276,0
0.619162,0
0.877491,0
0.793040,0
0.430644,0
0.881573,0
0.567824,0
0.624314,0
0.541665,0
0.764515,0
0.839185,0
0.410210,0
0.569206,0
0.630358,0
0.679272,0
0.873303,0
0.568683,0
0.287813,0
0.685645,0
0.691290,0
0.645870,0
0.375359,0
0.275532,0
0.675228,0
0.719897,0
0.951154,0
0.923618,0
0.841625,0
0.779853,0
0.648530,0
0.701905,0
0.703497,0
0.784822,0
0.830435,0
0.613334,0
0.711125,0
0.427710,0
0.251101,0
0.744246,0
0.573586,0
0.401234,0
0.860013,0
0.426182,0
0.584544,0
0.404738,0
0.444889,0
0.665928,0
0.678507,0
0.788199,0
0.776712,0
0.557518,0
0.615822,0
0.316446,0
0.340756,0
0.676670,0
0.451048,0
0.710662,0
0.682519,0
0.245917,0
0.618893,0
0.285784,0
0.708250,0
0.651899,0
0.842552,0
0.742729,0
0.701509,0
0.295821,0
0.314657,0
0.385407,0
0.441606,0
0.416854,0
0.785484,0
0.311776,0
0.474175,0
0.334749,0
0.597120,0
0.439027,0
0.764386,0
0.794582,0
0.814748,0
0.644020,0
0.733992,0
0.485061,0
0.478831,0
0.379097,0
0.783281,0
0.416205,0
0.327686,0
0.201692,0
0.867628,0
0.732158,0
0.684565,0
0.602507,0
0.718014,0
0.475993,0
0.276484,0
0.834784,0
0.786522,0
0.858126,0
0.435342,0
0.618993,0
0.776045,0
0.673204,0
0.863552,0
0.596524,0
0.750810,0
0.641319,0
0.847721,0
0.722365,0
0.529017,0
0.827108,0
0.577231,0
0.615323,0
0.577746,0
0.402096,0
0.633113,0
0.290487,0
0.468504,0
0.663780,0
0.731806,0
0.482188,0
0.827282,0
0.645494,0
0.803818,0
0.696932,0
0.856029,0
0.709516,0
0.300594,0
0.646536,0
0.782537,0
0.414850,0
0.622054,0
0.648012,0
0.862660,0
0.378350,0
0.686967,0
0.372757,0
0.851216,0
0.650969,0
0.296546,0
0.537301,0
0.305776,0
0.440609,0
0.621285,0
0.665093,0
0.752113,0
0.250398,0
0.798047,0
0.752339,0
0.915909,0
0.903747,0
0.679967,0
0.458108,0
0.569250,0
0.785612,0
0.333788,0
0.327462,0
0.450195,0
0.533543,0
0.496360,0
0.644223,0
0.690492,0
0.381744,0
0.276289,0
0.543720,0
0.887332,0
0.377623,0
0.708964,0
0.780746,0
0.574769,0
0.643158,0
0.791988,0
0.250479,0
0.408680,0
0.490076,0
0.423912,0
0.793204,0
0.837164,0
0.784739,0
0.489894,0
0.499516,0
0.355216,0
0.533394,0
0.425880,0
0.866564,0
0.538860,0
0.695172,0
0.444906,0
0.368817,0
0.781760,0
0.671032,0
0.657686,0
0.559315,0
0.764693,0
0.648792,0
0.805233,0
0.687451,0
0.379970,0
0.351322,0
0.492965,0
0.740465,0
0.673646,0
0.539442,0
0.738303,0
0.580614,0
0.479127,0
0.504076,0
0.396408,0
0.397993,0
0.375000,0
0.500142,0
0.656670,0
0.491975,0
0.768916,0
0.606452,0
0.410851,0
0.351284,0
0.319375,0
0.512009,0
0.469168,0
0.812519,0
0.355458,0
0.563030,0
0.863603,0
0.625051,0
0.367374,0
0.775997,0
0.750790,0
0.414107,0
0.723675,0
0.570510,0
0.533424,0
0.393320,0
0.872950,0
0.603881,0
0.827216,0
0.675166,0
0.101921,0
0.249363,0
0.234739,0
0.386456,0
0.530289,0
0.616749,0
0.722114,0
0.649012,0
0.927099,0
0.404836,0
0.873533,0
0.522413,0
0.454740,0
0.739732,0
0.247271,0
0.482924,0
0.470679,0
0.505709,0
0.264085,0
0.535062,0
0.705295,0
0.405178,0
0.378094,0
0.560942,0
0.882494,0
0.491541,0
0.657452,0
0.826735,0
0.442386,0
0.850184,0
0.597841,0
0.720332,0
0.681457,0
0.126508,0
0.802753,0
0.856259,0
0.514142,0
0.420664,0
0.913661,0
0.657744,0
0.701624,0
0.635842,0
0.794592,0
0.272415,0
0.597631,0
0.597410,0
0.541503,0
0.642048,0
0.612450,0
0.377049,0
0.380280,0
0.828135,0
0.685697,0
0.901361,0
0.749245,0
0.666656,0
0.532814,0
0.878775,0
0.717686,0
0.425673,0
0.806269,0
0.574411,0
0.814884,0
0.745081,0
0.435852,0
0.780299,0
0.750637,0
0.502173,0
0.374643,0
0.260229,0
0.357517,0
0.528091,0
0.723901,0
0.625342,0
0.830259,0
0.623254,0
0.579707,0
0.562340,0
0.588261,0
0.859874,0
0.839315,0
0.689335,0
0.684697,0
0.466153,0
0.562089,0
0.792564,0
0.382356,0
0.836238,0
0.880736,0
0.667326,0
0.395199,0
0.497212,0
0.709204,0
0.690652,0
0.808771,0
0.929415,0
0.847217,0
0.754697,0
0.737236,0
0.641610,0
0.756292,0
0.421167,0
0.319901,0
0.582806,0
0.709325,0
0.529744,0
0.673550,0
0.897597,0
0.817013,0
0.363536,0
0.605674,0
0.816678,0
0.575585,0
0.855718,0
0.716694,0
0.353257,0
0.688006,0
0.408828,0
0.847694,0
0.897390,0
0.817142,0
0.574834,0
0.742576,0
0.615316,0
0.765520,0
0.655353,0
0.184539,0
0.630780,0
0.613420,0
0.812324,0
0.325294,0
0.900096,0
0.363449,0
0.399420,0
0.650819,0
0.531823,0
0.304187,0
0.312950,0
0.767529,0
0.602659,0
0.793275,0
0.623500,0
0.832778,0
0.569165,0
0.708764,0
0.671781,0
0.910458,0
0.288669,0
0.585883,0
0.373330,0
0.690253,0
0.589759,0
0.441652,0
0.383950,0
0.628724,0
0.338179,0
0.858369,0
0.490046,0
0.405399,0
0.461686,0
0.763976,0
0.844465,0
0.635951,0
0.401574,0
0.906499,0
0.721986,0
0.332357,0
0.243830,0
0.407930,0
0.350066,0
0.839121,0
0.911485,0
0.812084,0
0.680643,0
0.475611,0
0.732624,0
0.592151,0
0.570292,0
0.589831,0
0.612895,0
0.455160,0
0.858689,0
0.622713,0
0.720684,0
0.675386,0
0.851121,0
0.339267,0
0.509232,0
0.731744,0
0.564076,0
0.540088,0
0.835584,0
0.773305,0
0.747536,0
0.542934,0
0.647308,0
0.816109,0
0.545642,0
0.621079,0
0.618182,0
0.485376,0
0.737506,0
0.698199,0
0.605506,0
0.717251,0
0.499224,0
0.522321,0
0.243681,0
0.337609,0
0.714492,0
0.776306,0
0.397123,0
0.914868,0
0.201364,0
0.615713,0
0.804842,0
0.842762,0
0.651433,0
0.771534,0
0.674379,0
0.538347,0
0.499114,0
0.774235,0
0.562557,0
0.480899,0
0.485785,0
0.492522,0
0.903299,0
0.521738,0
0.715343,0
0.301028,0
0.391251,0
0.789427,0
0.510032,0
0.653794,0
0.338669,0
0.792930,0
0.388421,0
0.602382,0
0.546963,0
0.688033,0
0.772776,0
0.643624,0
0.791519,0
0.794027,0
0.270468,0
0.848882,0
0.841042,0
0.922312,0
0.401378,0
0.490644,0
0.698998,0
0.439159,0
0.214157,0
0.603724,0
0.510328,0
0.556221,0
0.798854,0
0.353937,0
0.808158,0
0.860088,0
0.646678,0
0.908379,0
0.506175,0
0.653081,0
0.360274,0
0.899305,0
0.459171,0
0.336222,0
0.527123,0
0.473698,0
0.512633,0
0.645777,0
0.767798,0
0.469030,0
0.679169,0
0.583141,0
0.599386,0
0.632049,0
0.805104,0
0.620204,0
0.288854,0
0.777990,0
0.363412,0
0.746363,0
0.816331,0
0.686763,0
0.722692,0
0.527202,0
0.402341,0
0.764128,0
0.485471,0
0.830845,0
0.417282,0
0.905535,0
0.558697,0
0.248472,0
0.545209,0
0.691949,0
0.514878,0
0.674040,0
0.374877,0
0.847336,0
0.386437,0
0.792334,0
0.648447,0
0.647445,0
0.447461,0
0.860022,0
0.608195,0
0.644305,0
0.543526,0
0.837044,0
0.539253,0
0.340428,0
0.406782,0
0.561694,0
0.337424,0
0.704317,0
0.742886,0
0.855403,0
0.739868,0
0.628291,0
0.278222,0
0.421017,0
0.412821,0
0.669090,0
0.684887,0
0.607155,0
0.604987,0
0.421786,0
0.886198,0
0.363665,0
0.384382,0
0.802995,0
0.650895,0
0.329218,0
0.597339,0
0.743489,0
0.709795,0
0.675823,0
0.314190,0
0.808779,0
0.447366,0
0.571991,0
0.597224,0
0.933460,0
0.779142,0
0.837144,0
0.610396,0
0.802046,0
0.863593,0
0.709683,0
0.747483,0
0.532598,0
0.503016,0
0.557455,0
0.734941,0
0.677536,0
0.413314,0
0.490050,0
0.777872,0
0.768000,0
0.512889,0
0.642162,0
0.414272,0
0.723615,0
0.760654,0
0.801857,0
0.685041,0
0.822214,0
0.416454,0
0.892533,0
0.674081,0
0.287552,0
0.655441,0
0.478925,0
0.709265,0
0.489679,0
0.343634,0
0.661387,0
0.501236,0
0.876726,0
0.775835,0
0.214966,0
0.534867,0
0.783972,0
0.723811,0
0.607436,0
0.506329,0
0.693470,0
0.817282,0
0.841312,0
0.620871,0
0.508495,0
0.181456,0
0.542845,0
0.616665,0
0.819742,0
0.788207,0
0.853151,0
0.490793,0
0.750089,0
0.728760,0
0.791729,0
0.656345,0
0.767110,0
0.563535,0
0.607417,0
0.653913,0
0.758681,0
0.543301,0
0.800979,0
0.845941,0
0.671763,0
0.737276,0
0.447644,0
0.683802,0
0.617051,0
0.547984,0
0.652290,0
0.701310,0
0.425403,0
0.661351,0
0.216833,0
0.364053,0
0.214491,0
0.670481,0
0.757474,0
0.809311,0
0.416480,0
0.807027,0
0.704595,0
0.632448,0
0.568538,0
0.641874,0
0.697672,0
0.776042,0
0.220895,0
0.539737,0
0.517239,0
0.765392,0
0.884986,0
0.799882,0
0.588225,0
0.578250,0
0.368605,0
0.712084,0
0.587521,0
0.331527,0
0.425752,0
0.638729,0
0.414681,0
0.703628,0
0.923898,0
0.680211,0
0.869629,0
0.778359,0
0.673743,0
0.707083,0
0.758801,0
0.353714,0
0.275674,0
0.737524,0
0.241274,0
0.427439,0
0.275237,0
0.823603,0
0.708264,0
0.589864,0
0.639897,0
0.686068,0
0.550507,0
0.554880,0
0.808555,0
0.825644,0
0.472578,0
0.537799,0
0.487079,0
0.466320,0
0.614695,0
0.552333,0
0.668561,0
0.392139,0
0.681957,0
0.707156,0
0.363947,0
0.516143,0
0.741225,0
0.747425,0
0.788027,0
0.706742,0
0.753448,0
0.749184,0
0.619361,0
0.613430,0
0.631231,0
0.442376,0
0.442064,0
0.749590,0
0.514969,0
0.382708,0
0.753156,0
0.456919,0
0.493315,0
0.834985,0
0.746063,0
0.683525,0
0.743517,0
0.550176,0
0.601121,0
0.519562,0
0.888370,0
0.502943,0
0.651058,0
0.688208,0
0.622808,0
0.817953,0
0.885930,0
0.717361,0
0.634219,0
0.716389,0
0.601156,0
0.639103,0
0.510125,0
0.454400,0
0.389083,0
0.183304,0
0.777776,0
0.669246,0
0.840184,0
0.521850,0
0.902897,0
0.711190,0
0.812536,0
0.825961,0
0.817574,0
0.794210,0
0.475906,0
0.360748,0
0.563967,0
0.392778,0
0.388832,0
0.620311,0
0.436413,0
0.363810,0
0.703814,0
0.689185,0
0.902724,0
0.463130,0
0.774283,0
0.364083,0
0.600813,0
0.878300,0
0.358651,0
0.847867,0
0.401040,0
0.293500,0
0.725338,0
0.483048,0
0.630295,0
0.345915,0
0.382760,0
0.857651,0
0.675229,0
0.595018,0
0.461847,0
0.476343,0
0.451279,0
0.687788,0
0.732333,0
0.899851,0
0.875636,0
0.387918,0
0.486946,0
0.509808,0
0.496425,0
0.445418,0
0.664540,0
0.492135,0
0.654366,0
0.519183,0
0.634401,0
0.629117,0
0.652663,0
0.586142,0
0.559792,0
0.323230,0
0.494389,0
0.594163,0
0.620867,0
0.890603,0
0.342586,0
0.438716,0
0.585456,0
0.617482,0
0.695664,0
0.250834,0
0.696166,0
0.432450,0
0.400335,0
0.430629,0
0.680209,0
0.585848,0
0.635966,0
0.504945,0
0.860428,0
0.500641,0
0.776534,0
0.776013,0
0.889571,0
0.681502,0
0.611923,0
0.488393,0
0.810851,0
0.366067,0
0.907554,0
0.487434,0
0.371192,0
0.862649,0
0.675660,0
0.590230,0
0.583963,0
0.385426,0
0.727110,0
0.549842,0
0.592283,0
0.368968,0
0.470242,0
0.545994,0
0.846171,0
0.734279,0
0.366568,0
0.565228,0
0.852231,0
0.567022,0
0.904917,0
0.378557,0
0.347234,0
0.406704,0
0.468948,0
0.670165,0
0.697469,0
0.764347,0
0.737976,0
0.797090,0
0.739733,0
0.650175,0
0.743322,0
0.553249,0
0.473187,0
0.632265,0
0.366127,0
0.683364,0
0.639042,0
0.839416,0
0.702048,0
0.639325,0
0.536417,0
0.874487,0
0.434781,0
0.561110,0
0.781081,0
0.600855,0
0.868126,0
0.905339,0
0.274392,0
0.647466,0
0.760082,0
0.578779,0
0.471655,0
0.361736,0
0.733397,0
0.264036,0
0.505502,0
0.430719,0
0.270958,0
0.841424,0
0.781256,0
0.487102,0
0.241423,0
0.725722,0
0.603387,0
0.428367,0
0.270972,0
0.663523,0
0.865050,0
0.773768,0
0.407145,0
0.197403,0
0.548230,0
0.533439,0
0.618200,0
0.816936,0
0.502973,0
0.621491,0
0.773914,0
0.496827,0
0.580399,0
0.311333,0
0.747797,0
0.553677,0
0.775292,0
0.531502,0
0.487808,0
0.701833,0
0.672586,0
0.507632,0
0.544926,0
0.306967,0
0.829915,0
0.518413,0
0.664400,0
0.718801,0
0.772097,0
0.221810,0
0.522567,0
0.672510,0
0.792900,0
0.808570,0
0.806754,0
0.412151,0
0.592548,0
0.542114,0
0.850783,0
0.856845,0
0.399468,0
0.616562,0
0.673842,0
0.422424,0
0.661784,0
0.478163,0
0.454840,0
0.598193,0
0.765370,0
0.423052,0
0.864261,0
0.488190,0
0.686434,0
0.843587,0
0.695052,0
0.522275,0
0.835083,0
0.541142,0
0.612074,0
0.415063,0
0.613249,0
0.720013,0
0.371518,0
0.442117,0
0.613323,0
0.786104,0
0.916361,0
0.666631,0
0.461284,0
0.672225,0
0.502058,0
0.363455,0
0.888451,0
0.662158,0
0.489905,0
0.441612,0
0.698338,0
0.811463,0
0.730453,0
0.202985,0
0.795642,0
0.616701,0
0.632392,0
0.813414,0
0.756341,0
0.457130,0
0.899529,0
0.505703,0
0.833867,0
0.430458,0
0.664409,0
0.411835,0
0.558611,0
0.606727,0
0.824204,0
0.417286,0
0.673362,0
