Data,SV,Group,EER,TAR@1%,#T/#I
CleanBonafideVsRestoredCloakedSynth/quantization_pop_f5tts,SB-ECAPA,African-men,0.0792,0.7228,404/4040
CleanBonafideVsRestoredCloakedSynth/quantization_pop_f5tts,SB-ECAPA,African-women,0.0811,0.764,394/3940
CleanBonafideVsRestoredCloakedSynth/quantization_pop_f5tts,SB-ECAPA,Asian(East)-men,0.0386,0.8864,352/3520
CleanBonafideVsRestoredCloakedSynth/quantization_pop_f5tts,SB-ECAPA,Asian(East)-women,0.0805,0.807,399/3990
CleanBonafideVsRestoredCloakedSynth/quantization_pop_f5tts,SB-ECAPA,Asian(South)-men,0.0838,0.7541,370/3700
CleanBonafideVsRestoredCloakedSynth/quantization_pop_f5tts,SB-ECAPA,Asian(South)-women,0.1018,0.7316,395/3950
CleanBonafideVsRestoredCloakedSynth/quantization_pop_f5tts,SB-ECAPA,Caucasian(American)-men,0.0376,0.926,392/3920
CleanBonafideVsRestoredCloakedSynth/quantization_pop_f5tts,SB-ECAPA,Caucasian(American)-women,0.0482,0.9003,391/3910
CleanBonafideVsRestoredCloakedSynth/quantization_pop_f5tts,SB-ECAPA,Caucasian(European)-men,0.0371,0.9416,377/3770
CleanBonafideVsRestoredCloakedSynth/quantization_pop_f5tts,SB-ECAPA,Caucasian(European)-women,0.0621,0.9051,390/3900
CleanBonafideVsRestoredCloakedSynth/quantization_pop_f5tts,Resemblyzer,African-men,0.0567,0.8614,404/4040
CleanBonafideVsRestoredCloakedSynth/quantization_pop_f5tts,Resemblyzer,African-women,0.0557,0.8604,394/3940
CleanBonafideVsRestoredCloakedSynth/quantization_pop_f5tts,Resemblyzer,Asian(East)-men,0.0374,0.9119,352/3520
CleanBonafideVsRestoredCloakedSynth/quantization_pop_f5tts,Resemblyzer,Asian(East)-women,0.0703,0.8546,399/3990
CleanBonafideVsRestoredCloakedSynth/quantization_pop_f5tts,Resemblyzer,Asian(South)-men,0.0559,0.8838,370/3700
CleanBonafideVsRestoredCloakedSynth/quantization_pop_f5tts,Resemblyzer,Asian(South)-women,0.089,0.7873,395/3950
CleanBonafideVsRestoredCloakedSynth/quantization_pop_f5tts,Resemblyzer,Caucasian(American)-men,0.0205,0.9566,392/3920
CleanBonafideVsRestoredCloakedSynth/quantization_pop_f5tts,Resemblyzer,Caucasian(American)-women,0.0317,0.9105,391/3910
CleanBonafideVsRestoredCloakedSynth/quantization_pop_f5tts,Resemblyzer,Caucasian(European)-men,0.0288,0.9549,377/3770
CleanBonafideVsRestoredCloakedSynth/quantization_pop_f5tts,Resemblyzer,Caucasian(European)-women,0.0482,0.9,390/3900
CleanBonafideVsRestoredCloakedSynth/quantization_pop_f5tts,WavLM,African-men,0.1764,0.2327,404/4040
CleanBonafideVsRestoredCloakedSynth/quantization_pop_f5tts,WavLM,African-women,0.1477,0.2259,394/3940
CleanBonafideVsRestoredCloakedSynth/quantization_pop_f5tts,WavLM,Asian(East)-men,0.1845,0.25,352/3520
CleanBonafideVsRestoredCloakedSynth/quantization_pop_f5tts,WavLM,Asian(East)-women,0.1463,0.2796,397/3970
CleanBonafideVsRestoredCloakedSynth/quantization_pop_f5tts,WavLM,Asian(South)-men,0.26,0.3225,369/3690
CleanBonafideVsRestoredCloakedSynth/quantization_pop_f5tts,WavLM,Asian(South)-women,0.2781,0.3342,395/3950
CleanBonafideVsRestoredCloakedSynth/quantization_pop_f5tts,WavLM,Caucasian(American)-men,0.104,0.6735,392/3920
CleanBonafideVsRestoredCloakedSynth/quantization_pop_f5tts,WavLM,Caucasian(American)-women,0.0635,0.6949,390/3900
CleanBonafideVsRestoredCloakedSynth/quantization_pop_f5tts,WavLM,Caucasian(European)-men,0.1145,0.5279,377/3770
CleanBonafideVsRestoredCloakedSynth/quantization_pop_f5tts,WavLM,Caucasian(European)-women,0.1337,0.5718,390/3900
