stem,trial,ref_stem,reason
fakeavceleb_00162_Asian(East)_women_id03211,genuine,fakeavceleb_00162_Asian(East)_women_id03211,CUDA out of memory. Tried to allocate 6.61 GiB. GPU 0 has a total capacity of 11.81 GiB of which 1.66 GiB is free. Process 2307806 has 3.37 GiB memory in use. Process 2307838 has 1.62 GiB memory in us
fakeavceleb_00212_Asian(South)_men_id00773,genuine,fakeavceleb_00212_Asian(South)_men_id00773,CUDA out of memory. Tried to allocate 666.00 MiB. GPU 0 has a total capacity of 11.81 GiB of which 216.25 MiB is free. Process 2307806 has 2.71 GiB memory in use. Process 2307838 has 2.95 GiB memory i
fakeavceleb_00349_Caucasian(American)_men_id04221,genuine,fakeavceleb_00349_Caucasian(American)_men_id04221,CUDA out of memory. Tried to allocate 806.00 MiB. GPU 0 has a total capacity of 11.81 GiB of which 883.12 MiB is free. Process 2307806 has 3.48 GiB memory in use. Process 2307838 has 3.42 GiB memory i
fakeavceleb_00503_African_men_id00076,genuine,fakeavceleb_00503_African_men_id00076,CUDA out of memory. Tried to allocate 1.97 GiB. GPU 0 has a total capacity of 11.81 GiB of which 2.05 GiB is free. Process 2307806 has 2.05 GiB memory in use. Process 2307838 has 1.41 GiB memory in us
fakeavceleb_00794_African_men_id02040,genuine,fakeavceleb_00794_African_men_id02040,CUDA out of memory. Tried to allocate 1.66 GiB. GPU 0 has a total capacity of 11.81 GiB of which 1.72 GiB is free. Process 2307806 has 1.67 GiB memory in use. Process 2307838 has 2.31 GiB memory in us
fakeavceleb_00874_African_women_id00359,genuine,fakeavceleb_00874_African_women_id00359,CUDA out of memory. Tried to allocate 1.72 GiB. GPU 0 has a total capacity of 11.81 GiB of which 355.25 MiB is free. Process 2307806 has 1.93 GiB memory in use. Process 2307838 has 1.62 GiB memory in 
fakeavceleb_00909_African_women_id00577,genuine,fakeavceleb_00909_African_women_id00577,CUDA out of memory. Tried to allocate 2.29 GiB. GPU 0 has a total capacity of 11.81 GiB of which 2.39 GiB is free. Process 2307806 has 2.17 GiB memory in use. Process 2307838 has 2.00 GiB memory in us
fakeavceleb_00939_African_women_id00832,genuine,fakeavceleb_00939_African_women_id00832,CUDA out of memory. Tried to allocate 830.00 MiB. GPU 0 has a total capacity of 11.81 GiB of which 942.25 MiB is free. Process 2307806 has 2.17 GiB memory in use. Process 2307838 has 2.02 GiB memory i
fakeavceleb_01244_Asian(East)_men_id00740,genuine,fakeavceleb_01244_Asian(East)_men_id00740,CUDA out of memory. Tried to allocate 3.00 GiB. GPU 0 has a total capacity of 11.81 GiB of which 266.69 MiB is free. Process 2307806 has 1.16 GiB memory in use. Process 2307838 has 1.41 GiB memory in 
fakeavceleb_01867_Asian(South)_men_id00033,genuine,fakeavceleb_01867_Asian(South)_men_id00033,CUDA out of memory. Tried to allocate 2.34 GiB. GPU 0 has a total capacity of 11.81 GiB of which 1.84 GiB is free. Process 2307806 has 1.40 GiB memory in use. Process 2307838 has 1.64 GiB memory in us
fakeavceleb_02055_Asian(South)_men_id06354,genuine,fakeavceleb_02055_Asian(South)_men_id06354,CUDA out of memory. Tried to allocate 2.99 GiB. GPU 0 has a total capacity of 11.81 GiB of which 2.29 GiB is free. Process 2307806 has 1.54 GiB memory in use. Process 2307838 has 1.15 GiB memory in us
fakeavceleb_02646_Caucasian(American)_men_id00345,genuine,fakeavceleb_02646_Caucasian(American)_men_id00345,CUDA out of memory. Tried to allocate 3.23 GiB. GPU 0 has a total capacity of 11.81 GiB of which 1.03 GiB is free. Process 2307806 has 2.99 GiB memory in use. Process 2307838 has 1.52 GiB memory in us
fakeavceleb_02970_Caucasian(American)_women_id00383,genuine,fakeavceleb_02970_Caucasian(American)_women_id00383,CUDA out of memory. Tried to allocate 1.40 GiB. GPU 0 has a total capacity of 11.81 GiB of which 1.44 GiB is free. Process 2307806 has 3.71 GiB memory in use. Process 2307838 has 1.27 GiB memory in us
fakeavceleb_03161_Caucasian(American)_women_id02464,genuine,fakeavceleb_03161_Caucasian(American)_women_id02464,CUDA out of memory. Tried to allocate 1.31 GiB. GPU 0 has a total capacity of 11.81 GiB of which 1.26 GiB is free. Process 2307806 has 5.28 GiB memory in use. Process 2307838 has 1.50 GiB memory in us
fakeavceleb_03167_Caucasian(American)_women_id02464,genuine,fakeavceleb_03167_Caucasian(American)_women_id02464,CUDA out of memory. Tried to allocate 1.38 GiB. GPU 0 has a total capacity of 11.81 GiB of which 1.48 GiB is free. Process 2307806 has 5.28 GiB memory in use. Process 2307838 has 1.50 GiB memory in us
fakeavceleb_03234_Caucasian(European)_men_id00183,genuine,fakeavceleb_03234_Caucasian(European)_men_id00183,CUDA out of memory. Tried to allocate 1.29 GiB. GPU 0 has a total capacity of 11.81 GiB of which 645.12 MiB is free. Process 2307806 has 5.28 GiB memory in use. Process 2307838 has 1.18 GiB memory in 
fakeavceleb_03316_Caucasian(European)_men_id00292,genuine,fakeavceleb_03316_Caucasian(European)_men_id00292,CUDA out of memory. Tried to allocate 988.00 MiB. GPU 0 has a total capacity of 11.81 GiB of which 535.50 MiB is free. Process 2307806 has 5.28 GiB memory in use. Process 2307838 has 1.29 GiB memory i
fakeavceleb_03376_Caucasian(European)_men_id00548,genuine,fakeavceleb_03376_Caucasian(European)_men_id00548,CUDA out of memory. Tried to allocate 770.00 MiB. GPU 0 has a total capacity of 11.81 GiB of which 705.19 MiB is free. Process 2307806 has 5.28 GiB memory in use. Process 2307838 has 1.40 GiB memory i
fakeavceleb_03406_Caucasian(European)_men_id00909,genuine,fakeavceleb_03406_Caucasian(European)_men_id00909,CUDA out of memory. Tried to allocate 980.00 MiB. GPU 0 has a total capacity of 11.81 GiB of which 842.81 MiB is free. Process 2307806 has 5.28 GiB memory in use. Process 2307838 has 1.06 GiB memory i
fakeavceleb_03427_Caucasian(European)_men_id00946,genuine,fakeavceleb_03427_Caucasian(European)_men_id00946,CUDA out of memory. Tried to allocate 1.38 GiB. GPU 0 has a total capacity of 11.81 GiB of which 542.94 MiB is free. Process 2307806 has 5.28 GiB memory in use. Process 2307838 has 1.22 GiB memory in 
fakeavceleb_03463_Caucasian(European)_men_id01058,genuine,fakeavceleb_03463_Caucasian(European)_men_id01058,CUDA out of memory. Tried to allocate 1.07 GiB. GPU 0 has a total capacity of 11.81 GiB of which 303.38 MiB is free. Process 2307806 has 5.28 GiB memory in use. Process 2307838 has 1.45 GiB memory in 
fakeavceleb_03481_Caucasian(European)_men_id01102,genuine,fakeavceleb_03481_Caucasian(European)_men_id01102,CUDA out of memory. Tried to allocate 980.00 MiB. GPU 0 has a total capacity of 11.81 GiB of which 109.31 MiB is free. Process 2307806 has 5.28 GiB memory in use. Process 2307838 has 1.64 GiB memory i
fakeavceleb_03739_Caucasian(European)_women_id00589,genuine,fakeavceleb_03739_Caucasian(European)_women_id00589,CUDA out of memory. Tried to allocate 1.09 GiB. GPU 0 has a total capacity of 11.81 GiB of which 507.50 MiB is free. Process 2307806 has 5.28 GiB memory in use. Process 2307838 has 1.83 GiB memory in 
librispeech_0382,genuine,librispeech_0382,CUDA out of memory. Tried to allocate 240.00 MiB. GPU 0 has a total capacity of 11.81 GiB of which 170.12 MiB is free. Process 2307806 has 4.02 GiB memory in use. Process 2307838 has 3.79 GiB memory i
librispeech_0460,genuine,librispeech_0460,CUDA out of memory. Tried to allocate 476.00 MiB. GPU 0 has a total capacity of 11.81 GiB of which 436.75 MiB is free. Process 2307806 has 4.41 GiB memory in use. Process 2307838 has 3.79 GiB memory i
