kind,method,synth,verifier,metric,n_A,n_B,n_matched,A,B,A_minus_B,CI95_lo,CI95_hi,p
cloaked_vs_ceiling,POP,sv2tts,SB-ECAPA,EER,4864,4867,4864,0.2051,0.1975,0.0077,0.0009,0.0132,0.022
cloaked_vs_ceiling,POP,sv2tts,SB-ECAPA,TAR@1%,4864,4867,4864,0.3651,0.3816,-0.0164,-0.0292,-0.0037,0.01
cloaked_vs_ceiling,POP,sv2tts,Resemblyzer,EER,4864,4867,4864,0.1022,0.0921,0.0101,0.0057,0.0148,0.0
cloaked_vs_ceiling,POP,sv2tts,Resemblyzer,TAR@1%,4864,4867,4864,0.6776,0.698,-0.0204,-0.0358,-0.0072,0.006
cloaked_vs_ceiling,POP,sv2tts,WavLM,EER,4864,4867,4864,0.1926,0.1885,0.0041,-0.0007,0.0088,0.118
cloaked_vs_ceiling,POP,sv2tts,WavLM,TAR@1%,4864,4867,4864,0.2231,0.2245,-0.0014,-0.0154,0.0136,0.914
cloaked_vs_ceiling,attackvc,f5tts,SB-ECAPA,EER,4863,4812,4809,0.0213,0.017,0.0043,0.0028,0.0068,0.0
cloaked_vs_ceiling,attackvc,f5tts,SB-ECAPA,TAR@1%,4863,4812,4809,0.9694,0.9765,-0.0071,-0.0106,-0.0033,0.0
cloaked_vs_ceiling,attackvc,f5tts,Resemblyzer,EER,4863,4866,4862,0.0271,0.0216,0.0055,0.0031,0.0074,0.0
cloaked_vs_ceiling,attackvc,f5tts,Resemblyzer,TAR@1%,4863,4866,4862,0.9585,0.9652,-0.0068,-0.0107,-0.0035,0.0
cloaked_vs_ceiling,attackvc,f5tts,WavLM,EER,4863,4865,4861,0.1006,0.0915,0.0091,0.0051,0.0125,0.0
cloaked_vs_ceiling,attackvc,f5tts,WavLM,TAR@1%,4863,4865,4861,0.6579,0.684,-0.0261,-0.0385,-0.0115,0.0
cloaked_vs_ceiling,attackvc,sv2tts,SB-ECAPA,EER,4863,4867,4863,0.2106,0.1974,0.0132,0.0062,0.0192,0.0
cloaked_vs_ceiling,attackvc,sv2tts,SB-ECAPA,TAR@1%,4863,4867,4863,0.3514,0.3815,-0.03,-0.044,-0.0165,0.0
cloaked_vs_ceiling,attackvc,sv2tts,Resemblyzer,EER,4863,4867,4863,0.1069,0.0922,0.0147,0.0101,0.0199,0.0
cloaked_vs_ceiling,attackvc,sv2tts,Resemblyzer,TAR@1%,4863,4867,4863,0.6504,0.6981,-0.0477,-0.0648,-0.0339,0.0
cloaked_vs_ceiling,attackvc,sv2tts,WavLM,EER,4863,4867,4863,0.1917,0.1886,0.0031,-0.0018,0.0077,0.22
cloaked_vs_ceiling,attackvc,sv2tts,WavLM,TAR@1%,4863,4867,4863,0.2128,0.225,-0.0121,-0.0276,0.0004,0.056
cloaked_vs_ceiling,attackvc,seedvc,SB-ECAPA,EER,4862,4867,4862,0.0329,0.0316,0.0013,-0.0012,0.0044,0.29
cloaked_vs_ceiling,attackvc,seedvc,SB-ECAPA,TAR@1%,4862,4867,4862,0.9212,0.9266,-0.0053,-0.0142,0.0035,0.266
cloaked_vs_ceiling,attackvc,seedvc,Resemblyzer,EER,4862,4867,4862,0.05,0.0489,0.0011,-0.0024,0.0043,0.56
cloaked_vs_ceiling,attackvc,seedvc,Resemblyzer,TAR@1%,4862,4867,4862,0.8486,0.8527,-0.0041,-0.0162,0.0084,0.57
cloaked_vs_ceiling,attackvc,seedvc,WavLM,EER,4862,4867,4862,0.1637,0.1581,0.0056,0.0013,0.0109,0.014
cloaked_vs_ceiling,attackvc,seedvc,WavLM,TAR@1%,4862,4867,4862,0.2491,0.2443,0.0047,-0.0162,0.022,0.706
cloaked_vs_ceiling,POP,f5tts,SB-ECAPA,EER,4859,4812,4804,0.0251,0.0167,0.0085,0.0056,0.0104,0.0
cloaked_vs_ceiling,POP,f5tts,SB-ECAPA,TAR@1%,4859,4812,4804,0.9611,0.9765,-0.0154,-0.02,-0.0108,0.0
cloaked_vs_ceiling,POP,f5tts,Resemblyzer,EER,4863,4866,4862,0.0247,0.0216,0.0031,0.0002,0.0051,0.036
cloaked_vs_ceiling,POP,f5tts,Resemblyzer,TAR@1%,4863,4866,4862,0.958,0.9652,-0.0072,-0.0117,-0.0025,0.0
cloaked_vs_ceiling,POP,f5tts,WavLM,EER,4859,4865,4857,0.1089,0.0915,0.0174,0.0132,0.0213,0.0
cloaked_vs_ceiling,POP,f5tts,WavLM,TAR@1%,4859,4865,4857,0.6154,0.6842,-0.0688,-0.0815,-0.0539,0.0
cloaked_vs_ceiling,POP,seedvc,SB-ECAPA,EER,4864,4867,4864,0.0364,0.0317,0.0047,0.0019,0.0074,0.0
cloaked_vs_ceiling,POP,seedvc,SB-ECAPA,TAR@1%,4864,4867,4864,0.9126,0.9256,-0.013,-0.021,-0.0037,0.01
cloaked_vs_ceiling,POP,seedvc,Resemblyzer,EER,4864,4867,4864,0.0512,0.049,0.0022,-0.0009,0.005,0.178
cloaked_vs_ceiling,POP,seedvc,Resemblyzer,TAR@1%,4864,4867,4864,0.8308,0.8526,-0.0218,-0.0327,-0.0076,0.0
cloaked_vs_ceiling,POP,seedvc,WavLM,EER,4864,4867,4864,0.1659,0.1578,0.0081,0.0034,0.0132,0.0
cloaked_vs_ceiling,POP,seedvc,WavLM,TAR@1%,4864,4867,4864,0.2484,0.2442,0.0041,-0.0156,0.0226,0.746
cloaked_vs_ceiling,Antifake,sv2tts,SB-ECAPA,EER,4683,4867,4683,0.5551,0.199,0.3561,0.3466,0.3657,0.0
cloaked_vs_ceiling,Antifake,sv2tts,SB-ECAPA,TAR@1%,4683,4867,4683,0.0128,0.3801,-0.3673,-0.3827,-0.3515,0.0
cloaked_vs_ceiling,Antifake,sv2tts,Resemblyzer,EER,4683,4867,4683,0.4997,0.0929,0.4069,0.398,0.4157,0.0
cloaked_vs_ceiling,Antifake,sv2tts,Resemblyzer,TAR@1%,4683,4867,4683,0.0231,0.6987,-0.6756,-0.6944,-0.6611,0.0
cloaked_vs_ceiling,Antifake,sv2tts,WavLM,EER,4683,4867,4683,0.4642,0.19,0.2742,0.2672,0.2827,0.0
cloaked_vs_ceiling,Antifake,sv2tts,WavLM,TAR@1%,4683,4867,4683,0.0085,0.2234,-0.2148,-0.2306,-0.2005,0.0
cloaked_vs_ceiling,protectyouraudio,f5tts,SB-ECAPA,EER,4792,4812,4737,0.042,0.0172,0.0248,0.022,0.028,0.0
cloaked_vs_ceiling,protectyouraudio,f5tts,SB-ECAPA,TAR@1%,4792,4812,4737,0.9223,0.9761,-0.0538,-0.0608,-0.0469,0.0
cloaked_vs_ceiling,protectyouraudio,f5tts,Resemblyzer,EER,4793,4866,4792,0.0385,0.0217,0.0168,0.0134,0.0199,0.0
cloaked_vs_ceiling,protectyouraudio,f5tts,Resemblyzer,TAR@1%,4793,4866,4792,0.9255,0.9647,-0.0392,-0.0472,-0.0328,0.0
cloaked_vs_ceiling,protectyouraudio,f5tts,WavLM,EER,4793,4865,4791,0.1494,0.0925,0.057,0.0518,0.0632,0.0
cloaked_vs_ceiling,protectyouraudio,f5tts,WavLM,TAR@1%,4793,4865,4791,0.4765,0.6811,-0.2046,-0.219,-0.1866,0.0
cloaked_vs_ceiling,Antifake,f5tts,SB-ECAPA,EER,4765,4812,4764,0.3823,0.0166,0.3656,0.3566,0.3745,0.0
cloaked_vs_ceiling,Antifake,f5tts,SB-ECAPA,TAR@1%,4765,4812,4764,0.1688,0.9767,-0.8079,-0.8186,-0.7951,0.0
cloaked_vs_ceiling,Antifake,f5tts,Resemblyzer,EER,4844,4866,4843,0.2137,0.0217,0.1921,0.1848,0.1979,0.0
cloaked_vs_ceiling,Antifake,f5tts,Resemblyzer,TAR@1%,4844,4866,4843,0.3826,0.9651,-0.5825,-0.599,-0.5664,0.0
cloaked_vs_ceiling,Antifake,f5tts,WavLM,EER,4819,4865,4817,0.3008,0.0914,0.2094,0.2027,0.2171,0.0
cloaked_vs_ceiling,Antifake,f5tts,WavLM,TAR@1%,4819,4865,4817,0.1065,0.6842,-0.5777,-0.5946,-0.5593,0.0
cloaked_vs_ceiling,Antifake,seedvc,SB-ECAPA,EER,4844,4867,4844,0.4932,0.0316,0.4616,0.4528,0.4714,0.0
cloaked_vs_ceiling,Antifake,seedvc,SB-ECAPA,TAR@1%,4844,4867,4844,0.0813,0.9257,-0.8443,-0.8567,-0.832,0.0
cloaked_vs_ceiling,Antifake,seedvc,Resemblyzer,EER,4844,4867,4844,0.3229,0.0491,0.2738,0.2662,0.2816,0.0
cloaked_vs_ceiling,Antifake,seedvc,Resemblyzer,TAR@1%,4844,4867,4844,0.2036,0.8512,-0.6476,-0.6635,-0.6296,0.0
cloaked_vs_ceiling,Antifake,seedvc,WavLM,EER,4844,4867,4844,0.3427,0.1581,0.1846,0.1772,0.1911,0.0
cloaked_vs_ceiling,Antifake,seedvc,WavLM,TAR@1%,4844,4867,4844,0.0334,0.2446,-0.2112,-0.2302,-0.1943,0.0
cloaked_vs_ceiling,protectyouraudio,seedvc,SB-ECAPA,EER,4850,4867,4850,0.062,0.0318,0.0303,0.0268,0.0346,0.0
cloaked_vs_ceiling,protectyouraudio,seedvc,SB-ECAPA,TAR@1%,4850,4867,4850,0.819,0.9254,-0.1064,-0.1181,-0.0942,0.0
cloaked_vs_ceiling,protectyouraudio,seedvc,Resemblyzer,EER,4850,4867,4850,0.0736,0.0494,0.0242,0.0199,0.0285,0.0
cloaked_vs_ceiling,protectyouraudio,seedvc,Resemblyzer,TAR@1%,4850,4867,4850,0.7249,0.8522,-0.1272,-0.1412,-0.1105,0.0
cloaked_vs_ceiling,protectyouraudio,seedvc,WavLM,EER,4850,4867,4850,0.1843,0.1578,0.0265,0.0204,0.0316,0.0
cloaked_vs_ceiling,protectyouraudio,seedvc,WavLM,TAR@1%,4850,4867,4850,0.2041,0.2443,-0.0402,-0.0592,-0.0183,0.0
cloaked_vs_ceiling,protectyouraudio,sv2tts,SB-ECAPA,EER,4754,4867,4754,0.2427,0.199,0.0437,0.0355,0.0509,0.0
cloaked_vs_ceiling,protectyouraudio,sv2tts,SB-ECAPA,TAR@1%,4754,4867,4754,0.3103,0.3727,-0.0625,-0.0785,-0.0503,0.0
cloaked_vs_ceiling,protectyouraudio,sv2tts,Resemblyzer,EER,4850,4867,4850,0.1268,0.0925,0.0342,0.0291,0.0402,0.0
cloaked_vs_ceiling,protectyouraudio,sv2tts,Resemblyzer,TAR@1%,4850,4867,4850,0.5808,0.6981,-0.1173,-0.1361,-0.1012,0.0
cloaked_vs_ceiling,protectyouraudio,sv2tts,WavLM,EER,4850,4867,4850,0.2198,0.1889,0.0309,0.0253,0.0365,0.0
cloaked_vs_ceiling,protectyouraudio,sv2tts,WavLM,TAR@1%,4850,4867,4850,0.1866,0.2243,-0.0377,-0.0544,-0.0243,0.0
